demand_id,demand,demand_name,demand_lat,demand_lng,supply_id,supply_lat,supply_lng,supply,supply_name,duration_min,distance_crowflies_km,distance_route_km
0,100,demand0,54.1944943353734,-0.476307976939412,0,51.5011093,-1.242375,100,supply0,304.044671622539,304.044671622539,304.044671622539
0,100,demand0,54.1944943353734,-0.476307976939412,1,52.8491734862925,-1.242375,100,supply1,158.065220250358,158.065220250358,158.065220250358
0,100,demand0,54.1944943353734,-0.476307976939412,2,54.1969298768179,-1.242375,0,supply2,49.9850077427482,49.9850077427482,49.9850077427482
1,100,demand1,53.8780811554163,-0.704789725637632,0,51.5011093,-1.242375,100,supply0,266.911065527141,266.911065527141,266.911065527141
1,100,demand1,53.8780811554163,-0.704789725637632,1,52.8491734862925,-1.242375,100,supply1,119.934060618884,119.934060618884,119.934060618884
1,100,demand1,53.8780811554163,-0.704789725637632,2,54.1969298768179,-1.242375,0,supply2,49.984325331136,49.984325331136,49.984325331136
