demand,demand_id,demand_lat,demand_lng,demand_name
11.6620191555,0,50.9201278763,-2.67073887071,Green Ln
10.8836931836,1,50.9077560515,-0.610445348003,Bignor UK
16.9249729465,2,51.0496384311,-3.90381968386,A361 Barnstaple
11.7051787843,3,53.7629098293,-0.41764178359,Swine Bank
11.4649925555,4,53.2864358673,-3.29260314673, Holywell
14.8759704858,5,53.7459038095,-1.1608639413,Royd's Rd
