supply,supply_id,supply_lat,supply_lng,supply_name
23.1294542133,0,54.0061119397,-1.76518279881,W End
9.08667111725,1,53.6758912692,-0.798627332768,Old Ln
16.9967398052,2,54.5962508213,-2.04799316874,Bail Hill
23.2333937707,3,54.3830082376,-0.740023662966,Hunt House
24.8447623605,4,51.3472769719,-2.76685682385,Half Yard
9.24643484729,5,54.7835489007,-1.38164204679,Pesspool Ln
