supply,supply_id,supply_lat,supply_lng,supply_name
35.6895004806,0,51.7493139942,-0.240862847712,Roehyde Way
28.2494429886,1,50.8151283246,-2.27390108813,Deer Park
44.0710924682,2,53.7669204652,-1.41196378153,63 Hall
